GROUP,PACKAGE,CLASS,INSTRUCTION_MISSED,INSTRUCTION_COVERED,BRANCH_MISSED,BRANCH_COVERED,LINE_MISSED,LINE_COVERED,COMPLEXITY_MISSED,COMPLEXITY_COVERED,METHOD_MISSED,METHOD_COVERED
rest-service-initial,com.ase.restservice.controller,AccountController,41,3,0,0,8,1,8,1,8,1
rest-service-initial,com.ase.restservice.controller,TransactionController,9,3,0,0,2,1,2,1,2,1
rest-service-initial,com.ase.restservice.controller,StockController,43,3,2,0,8,1,5,1,4,1
rest-service-initial,com.ase.restservice.controller,AssetController,19,3,0,0,3,1,3,1,3,1
rest-service-initial,com.ase.restservice.service,FinanceService,74,3,4,0,21,1,5,1,3,1
rest-service-initial,com.ase.restservice.service,AssetService,31,255,1,11,4,46,4,16,3,11
rest-service-initial,com.ase.restservice.service,TransactionService,66,77,4,0,11,20,7,4,5,4
rest-service-initial,com.ase.restservice.service,AccountService,61,3,0,0,11,1,7,1,7,1
rest-service-initial,com.ase.restservice.service,StockService,55,3,0,0,11,1,7,1,7,1
rest-service-initial,com.ase.restservice,RestServiceApplication,5,3,0,0,2,1,1,1,1,1
rest-service-initial,com.ase.restservice.model,AssetId,22,39,4,4,5,11,6,4,2,4
rest-service-initial,com.ase.restservice.model,Asset,20,60,4,6,4,16,6,7,2,6
rest-service-initial,com.ase.restservice.model,Transaction,96,34,16,0,15,13,13,6,5,6
rest-service-initial,com.ase.restservice.model,Account,40,18,0,0,10,7,6,3,6,3
rest-service-initial,com.ase.restservice.model,Stock,28,15,0,0,7,6,4,3,4,3
rest-service-initial,com.ase.restservice.exception,ResourceNotFoundException,4,4,0,0,2,2,1,1,1,1
